{"cameraMode":{"drawMode":0,"name":"Shaded","section":"Shading Mode"},"sceneLighting":false,"audioPlay":false,"sceneViewState":{"m_AlwaysRefresh":false,"showFog":true,"showSkybox":false,"showFlares":true,"showImageEffects":true,"showParticleSystems":true,"showVisualEffectGraphs":true,"m_FxEnabled":true},"in2DMode":false,"pivot":{"x":2.9938576221466066,"y":1.1209768056869507,"z":-0.00008481740951538086},"rotation":{"x":0.01677950844168663,"y":0.7147082686424255,"z":-0.01715627871453762,"w":0.699012279510498},"size":1.908754825592041,"orthographic":true}