{"cameraMode":{"drawMode":0,"name":"Shaded","section":"Shading Mode"},"sceneLighting":false,"audioPlay":false,"sceneViewState":{"m_AlwaysRefresh":false,"showFog":true,"showSkybox":false,"showFlares":true,"showImageEffects":true,"showParticleSystems":true,"showVisualEffectGraphs":true,"m_FxEnabled":true},"in2DMode":false,"pivot":{"x":1.4199999570846558,"y":1.9900000095367432,"z":-29.600000381469728},"rotation":{"x":-0.010005390271544457,"y":0.9861891865730286,"z":-0.15207557380199433,"w":-0.0648893490433693},"size":0.4330126941204071,"orthographic":true}