{"cameraMode":{"drawMode":0,"name":"Shaded","section":"Shading Mode"},"sceneLighting":false,"audioPlay":false,"sceneViewState":{"m_AlwaysRefresh":false,"showFog":true,"showSkybox":false,"showFlares":true,"showImageEffects":true,"showParticleSystems":true,"showVisualEffectGraphs":true,"m_FxEnabled":true},"in2DMode":false,"pivot":{"x":-6.317612171173096,"y":1.7302117347717286,"z":0.0021823644638061525},"rotation":{"x":-0.15901416540145875,"y":0.7599676251411438,"z":-0.20249252021312715,"w":-0.5967912077903748},"size":6.571856498718262,"orthographic":true}