{"cameraMode":{"drawMode":0,"name":"Shaded","section":"Shading Mode"},"sceneLighting":false,"audioPlay":false,"sceneViewState":{"m_AlwaysRefresh":false,"showFog":true,"showSkybox":false,"showFlares":true,"showImageEffects":true,"showParticleSystems":true,"showVisualEffectGraphs":true,"m_FxEnabled":true},"in2DMode":false,"pivot":{"x":-18.359729766845704,"y":5.045045375823975,"z":0.006321907043457031},"rotation":{"x":-0.15901416540145875,"y":0.7599676251411438,"z":-0.20249252021312715,"w":-0.5967912077903748},"size":19.037450790405275,"orthographic":true}