{"cameraMode":{"drawMode":0,"name":"Shaded","section":"Shading Mode"},"sceneLighting":false,"audioPlay":false,"sceneViewState":{"m_AlwaysRefresh":false,"showFog":true,"showSkybox":false,"showFlares":true,"showImageEffects":true,"showParticleSystems":true,"showVisualEffectGraphs":true,"m_FxEnabled":true},"in2DMode":false,"pivot":{"x":0.0014950335025787354,"y":0.30760011076927187,"z":0.1216597855091095},"rotation":{"x":0.06845270842313767,"y":-0.9260099530220032,"z":0.20464427769184113,"w":0.30974629521369936},"size":0.3068562150001526,"orthographic":true}