{"cameraMode":{"drawMode":0,"name":"Shaded","section":"Shading Mode"},"sceneLighting":true,"audioPlay":false,"sceneViewState":{"m_AlwaysRefresh":false,"showFog":true,"showSkybox":true,"showFlares":true,"showImageEffects":true,"showParticleSystems":true,"showVisualEffectGraphs":true,"m_FxEnabled":true},"in2DMode":false,"pivot":{"x":-15.156597137451172,"y":5.367486000061035,"z":7.012360572814941},"rotation":{"x":-0.14497703313827516,"y":0.01186271570622921,"z":-0.0017384153325110674,"w":-0.9893656969070435},"size":18.317678451538087,"orthographic":true}