{"cameraMode":{"drawMode":0,"name":"Shaded","section":"Shading Mode"},"sceneLighting":false,"audioPlay":false,"sceneViewState":{"m_AlwaysRefresh":false,"showFog":true,"showSkybox":true,"showFlares":true,"showImageEffects":true,"showParticleSystems":true,"showVisualEffectGraphs":true,"m_FxEnabled":true},"in2DMode":false,"pivot":{"x":-0.7226542234420776,"y":-20.56934356689453,"z":22.414989471435548},"rotation":{"x":-0.03711659461259842,"y":0.9196408987045288,"z":-0.3806026875972748,"w":-0.08967336267232895},"size":31.372512817382814,"orthographic":true}