{"cameraMode":{"drawMode":0,"name":"Shaded","section":"Shading Mode"},"sceneLighting":true,"audioPlay":false,"sceneViewState":{"m_AlwaysRefresh":false,"showFog":true,"showSkybox":true,"showFlares":true,"showImageEffects":true,"showParticleSystems":true,"showVisualEffectGraphs":true,"m_FxEnabled":true},"in2DMode":false,"pivot":{"x":1.9859485626220704,"y":-6.204079627990723,"z":13.10378646850586},"rotation":{"x":-0.024143218994140626,"y":0.9756819009780884,"z":-0.14386533200740815,"w":-0.16367031633853913},"size":6.4541215896606449,"orthographic":true}