{"cameraMode":{"drawMode":0,"name":"Shaded","section":"Shading Mode"},"sceneLighting":true,"audioPlay":false,"sceneViewState":{"m_AlwaysRefresh":false,"showFog":true,"showSkybox":true,"showFlares":true,"showImageEffects":true,"showParticleSystems":true,"showVisualEffectGraphs":true,"m_FxEnabled":true},"in2DMode":false,"pivot":{"x":-2.020446300506592,"y":-13.925081253051758,"z":25.830371856689454},"rotation":{"x":-0.17516396939754487,"y":0.11548720300197602,"z":-0.020694350823760034,"w":-0.9775237441062927},"size":12.304057121276856,"orthographic":false}