{"cameraMode":{"drawMode":0,"name":"Shaded","section":"Shading Mode"},"sceneLighting":false,"audioPlay":false,"sceneViewState":{"m_AlwaysRefresh":false,"showFog":true,"showSkybox":true,"showFlares":true,"showImageEffects":true,"showParticleSystems":true,"showVisualEffectGraphs":true,"m_FxEnabled":true},"in2DMode":false,"pivot":{"x":-13.730602264404297,"y":16.712467193603517,"z":-10.870765686035157},"rotation":{"x":0.23508349061012269,"y":0.004957341123372316,"z":-0.001201060600578785,"w":0.9720126986503601},"size":38.738304138183597,"orthographic":true}