{"cameraMode":{"drawMode":0,"name":"Shaded","section":"Shading Mode"},"sceneLighting":false,"audioPlay":false,"sceneViewState":{"m_AlwaysRefresh":false,"showFog":true,"showSkybox":true,"showFlares":true,"showImageEffects":true,"showParticleSystems":true,"showVisualEffectGraphs":true,"m_FxEnabled":true},"in2DMode":false,"pivot":{"x":13.034446716308594,"y":15.755378723144532,"z":20.637971878051759},"rotation":{"x":-0.5542764067649841,"y":-0.14021702110767365,"z":0.09537471830844879,"w":-0.8148768544197083},"size":28.024513244628908,"orthographic":false}