{"cameraMode":{"drawMode":0,"name":"Shaded","section":"Shading Mode"},"sceneLighting":true,"audioPlay":false,"sceneViewState":{"m_AlwaysRefresh":false,"showFog":true,"showSkybox":true,"showFlares":true,"showImageEffects":true,"showParticleSystems":true,"showVisualEffectGraphs":true,"m_FxEnabled":true},"in2DMode":false,"pivot":{"x":30.361587524414064,"y":15.289608001708985,"z":-11.661500930786133},"rotation":{"x":0.00651518814265728,"y":-0.9905320405960083,"z":0.05056137219071388,"w":0.12759605050086976},"size":30.263425827026368,"orthographic":false}