{"cameraMode":{"drawMode":0,"name":"Shaded","section":"Shading Mode"},"sceneLighting":true,"audioPlay":false,"sceneViewState":{"m_AlwaysRefresh":false,"showFog":true,"showSkybox":true,"showFlares":true,"showImageEffects":true,"showParticleSystems":true,"showVisualEffectGraphs":true,"m_FxEnabled":true},"in2DMode":false,"pivot":{"x":-3.292125701904297,"y":-10.507283210754395,"z":25.68769073486328},"rotation":{"x":0.0895988717675209,"y":-0.07849761098623276,"z":0.0070839072577655319,"w":0.9928536415100098},"size":8.344629287719727,"orthographic":true}