{"cameraMode":{"drawMode":0,"name":"Shaded","section":"Shading Mode"},"sceneLighting":true,"audioPlay":false,"sceneViewState":{"m_AlwaysRefresh":false,"showFog":true,"showSkybox":true,"showFlares":true,"showImageEffects":true,"showParticleSystems":true,"showVisualEffectGraphs":true,"m_FxEnabled":true},"in2DMode":false,"pivot":{"x":-12.19819164276123,"y":25.761398315429689,"z":32.79887771606445},"rotation":{"x":-0.00926771480590105,"y":0.9906123280525208,"z":-0.08820924907922745,"w":-0.10409785062074661},"size":0.25144127011299136,"orthographic":false}