{"cameraMode":{"drawMode":0,"name":"Shaded","section":"Shading Mode"},"sceneLighting":true,"audioPlay":false,"sceneViewState":{"m_AlwaysRefresh":false,"showFog":true,"showSkybox":true,"showFlares":true,"showImageEffects":true,"showParticleSystems":true,"showVisualEffectGraphs":true,"m_FxEnabled":true},"in2DMode":false,"pivot":{"x":-8.052762031555176,"y":-0.29277729988098147,"z":13.425392150878907},"rotation":{"x":-0.043472450226545337,"y":-0.7946933507919312,"z":0.057316675782203677,"w":-0.6027369499206543},"size":6.309601306915283,"orthographic":true}