{"cameraMode":{"drawMode":0,"name":"Shaded","section":"Shading Mode"},"sceneLighting":false,"audioPlay":false,"sceneViewState":{"m_AlwaysRefresh":false,"showFog":true,"showSkybox":false,"showFlares":true,"showImageEffects":true,"showParticleSystems":true,"showVisualEffectGraphs":true,"m_FxEnabled":true},"in2DMode":false,"pivot":{"x":-0.08013021945953369,"y":0.45212507247924807,"z":-0.007502749562263489},"rotation":{"x":-0.010005390271544457,"y":0.9861891865730286,"z":-0.15207557380199433,"w":-0.0648893490433693},"size":0.8030943870544434,"orthographic":true}