{"cameraMode":{"drawMode":0,"name":"Shaded","section":"Shading Mode"},"sceneLighting":false,"audioPlay":false,"sceneViewState":{"m_AlwaysRefresh":false,"showFog":true,"showSkybox":false,"showFlares":true,"showImageEffects":true,"showParticleSystems":true,"showVisualEffectGraphs":true,"m_FxEnabled":true},"in2DMode":false,"pivot":{"x":1.4199999570846558,"y":1.9900000095367432,"z":-29.600000381469728},"rotation":{"x":-0.6935604214668274,"y":-0.010155804455280304,"z":0.009769055992364884,"w":-0.7202841639518738},"size":1.6887497901916505,"orthographic":true}